{
    "_id": {
        "$oid": "63bcb2d1dbee7a199a2b0a36"
    },
    "threshold": 1.0,
    "kappa": 0.7283353805541992,
    "mu": 0.7283353805541992,
    "pi": 0.7283353805541992,
    "delta": 0.7283353805541992,
    "row": 0.7283353805541992,
    "avg_cachelife": 0.0,
    "avg_delaytime": 0.0,
    "avg_reward": -0.9608880400545924,
    "created": "2023.01.10-11.35.29"
}